url,status
/pagead/clk?mo=r&amp;ad=-6NYlbfkN0DMJ1w9uhIImBYkibl1mK1M0cpa0CcfLqAw8SmFixuuR7qi6IOiMTW7GU-g3AUj-j7pr5HsznF8Szy1-63m4D0Qgivu976uWO2TRl9YHo_ThA1F44gQ6kSutRGRjwtzYyjPPfZhOOHuwzST4bf8z8UxnciwaQJ_UzS2se9N2CFuk0a4E5dj__JQXpM_lUGklPo0Km_jghQXwHSKG9-IJEc-P0QMVKGQuThcT_juEU4QOBZPdJPrkbHba9J377TO9ie3-fIVPrNwnBhNetl8sMqs5BhM0W21ou-hZKmBYivLq9ZtdMhNA2pXtFyNjuhcHwl80yK5bb8xoTGoWcIVzASJ3P67QLF4z5-i6dDqLZ92u6ZD1fbK4pHItbbCni4rFLzkpY7O-YFai9USU6rBKGpHoR6HjoWBXLGrFnP8JMUss-8oDfqAZ6wlGhOjCPkO0Ad8TTzi_CRzeqJDlie7Wbk4jIkIzJun7PuPJNtxxixvKw==&amp;xkcb=SoA4-_M3Yry098Rdz50KbzkdCdPP&amp;p=0&amp;fvj=1&amp;vjs=3,NOPE
/company/Education-Strategy-Consulting/jobs/Devop-Engineer-bd0fba5b9e30e111?fccid=4272aeb52b2872e8&amp;vjs=3,NOPE
/company/Koverse/jobs/Devop-Engineer-6afe96b72e8fc793?fccid=d4558acf651055d6&amp;vjs=3,NOPE
/company/Striveworks/jobs/Senior-Devop-Engineer-9bcab113a9f4d864?fccid=a6c83cb166416d1d&amp;vjs=3,NOPE
/company/Veterans-Affairs-(Federal)/jobs/Devop-Engineer-d55d6882fab3da7d?fccid=f8720abc6c9e6204&amp;vjs=3,NOPE
/company/GDK-Services/jobs/Azure-Lead-Devop-Engineer-03367dce190d5b5c?fccid=6fae6ce8dd418b16&amp;vjs=3,MISSING DATA
/company/Sigma-Theta-Tau-International/jobs/Dev-Ops-Project-Coordinator-e69d4219129dd503?fccid=ae3dfbef08d6830e&amp;vjs=3,MISSING DATA
/company/LIGHTFEATHER-IO-LLC/jobs/Full-Stack-Cloud-Infrastructure-Automation-Engineer-18003d30ac83cb1a?fccid=9cc4969625fb80b5&amp;vjs=3,MISSING DATA
/company/kasmo-cloud-solutions/jobs/Salesforce-Devop-Architect-7fcf9cc1b09e13b7?fccid=d182fe5567b93b2b&amp;vjs=3,MISSING DATA
/company/RelMap-Consulting/jobs/Senior-Software-Lead-Architect-284efba07dd5bcca?fccid=12ba3e0cd549b2e6&amp;vjs=3,MISSING DATA
/company/Purple-Drive-Technologies/jobs/Aws-Devop-Architect-2904f9f7b60fb324?fccid=b50885016c495d25&amp;vjs=3,MISSING DATA
/company/N9-IT-SOLUTIONS/jobs/Junior-Devop-Engineer-6ad940bb056994b3?fccid=55a3baa4e7511cea&amp;vjs=3,NOPE
/company/BreakFree-Solutions/jobs/Devop-Engineer-c1d288573c0c5b30?fccid=7321a5a36754a779&amp;vjs=3,NOPE
/company/IBM-RPO-for-Kyndryl/jobs/Mainframe-Devop-Engineer-334e93ecc017f1bc?fccid=97e12be7168f9231&amp;vjs=3,NOPE
/company/NN-Tech/jobs/Azure-Devop-Engineer-0639b04c56f31f14?fccid=907d8f41df56236a&amp;vjs=3,FINISHED
/company/VFI-Solutions/jobs/Devop-Engineer-126e102915dc36c0?fccid=07044910f381c7cc&amp;vjs=3,MISSING DATA
/company/Van-Pool-Transportation/jobs/Application-Integration-Engineer-98f004a2fe17c367?fccid=f47a48e1d53161e3&amp;vjs=3,NOPE
/company/RelMap-Consulting/jobs/Senior-Software-Technical-Lead-dfabaa34be037c57?fccid=12ba3e0cd549b2e6&amp;vjs=3,MISSING DATA
/pagead/clk?mo=r&amp;ad=-6NYlbfkN0CpzDdaQkua3np5pkmj49lKioZwmwxQ-yx5plwbYmV_Myd9UjLXQ3295yTMraKaTaNMcRJdNlfsu0eSvLUijpECx6d911_vuCbPFGV52RMPymr1dUIWKELbthfftVIaKwdfdMwfFCgrhSP1eW3vZk_fLh8CQRyVuUjEWiWKQxjBSgCXWzBgZ3pXd2dKPtokyf9szZ5AIxIcuVIX3LhJKAZwAKVxqwLCyTmoe8Hp7A7pcui6qv_CHeRKEkSb5KR3S5NW3jNv664fwWZEkW36MUxqLa1vUMtW9m1FE8rk0bWzPOJpgHpQOa2xXrf4FHEcVmJRYC2ZF2k12ttJC-GUlHgG97K-zDfxAYV8JLT6zrpQqDBsCbIJxGuRbWlyEpvkFeU07hejhRXL4gdZGDb0fl1jcJKOjoRzzM5-MImIZTQyvqz4RmEoYsKa93q8q0MfOaS8IbzvgewBx8CDZLgN3wqt40u4VKY8CzDd5_h3oz6Rb-gb7HX3aI0V7VC_DH8Mugwc1b1-5kAzwSCUZodoWvnSS1hfarqtn0A=&amp;xkcb=SoDL-_M3Yryz_PAVDL0LbzkdCdPP&amp;p=0&amp;fvj=0&amp;vjs=3,NOPE
/pagead/clk?mo=r&amp;ad=-6NYlbfkN0C5IatSLh_Ak1q39eQQoPIxD737RW9NeiYGvIRXkrLjEBkC4LI6KweF0vk9JRHgKW_5xroJuwyAjKvjh_1_rmGJ-ixnzBnUvsRQB9O13WlOXNf4RsD7Q4pXuCorT7kqbJ9KYJU2pwH33RSrJmUdm07y7hAa0UAeGKb306oD3michWmsHJKX1yVtdu1j0t-BY6t4m2EHV_C9e8lFvrHl1LVape0T6sxVlMIuq97NvIxPkW9bNaRyabF78T1jFgrcsg9HN_zSOOIo-G-qW9CUxcdtX0iXpzTX7mlEMjXansYL0OPdZXU6x4Izduhpnh2ioM6VOGwRuA0S8Nkdvtd_fKirAP234yoJihyPzlS_h4LmoNN_qBC6ilsg6z6L1qVkeRhsQsGCplwzOf0Hi4BS_Q83x1Dj_U2x22bgqZ60FHnNbPeFq5DUREAR6ObHqS6cfCbGqUvaQ9iMbZGM5dc52Y5gvuUJt4jzATKa6J9Zt3TTNec2p2gh_q0LV75aM5o55bPCQ7j0M5EEAuMZoaY_efE_MTmBTkB5HLvQh3PWUEcfeuUHOXLb9BRD2DSeM1DIOXSW799tZMfOG3y8dMTDJuCSr4Vuk2Tvsfk=&amp;xkcb=SoCO-_M3Yryz_PgVDL0LbzkdCdPP&amp;p=1&amp;fvj=0&amp;vjs=3,NOPE
/company/Mobile--med-work-health-solutions/jobs/Junior-Devop-Engineer-7375ec7a100bfce4?fccid=594fee92c0d4277a&amp;vjs=3,NOPE
/company/CaritateTech/jobs/Trainee-Devop-Engineer-5d38480c6ee85301?fccid=fb4c9c1ae75c48f3&amp;vjs=3,MISSING DATA
/pagead/clk?mo=r&amp;ad=-6NYlbfkN0DG4ntHtB_rMsnfhgmnSvK2brktLme1L4SiDeJjQ-izrVOLqRJ5-yjE7k3D6lhaa88fpJu33gT1XrscIx1r2RzEwKaBAeIeFmf-tcMfWaR0I_xrER1hp9tFDWms5cpjpkkj7gtRUXukDzHZrICPuX7FaS4AfaSCZRMg13Nl-0j8wPvtK7F3Jajf-rbnuUe1M-JqrX3Uv1XeP6gbTX4CFi1XrLkzOSNZvKGerhjauFarrQg3ofwks7IPBJLb8rs3fwqjvF08xg2MnQHaarZXzx4x_tZ19jQB6mi6Jljd_z31r7opcHhjHb82wxDdWvGQMlBbV-mDtXcmvgnNhTNh9KE5gDKisJGyjK8xsJyAf_q9tKQ8xol-A3sfk6ZaTH4sQ9zUxJ-OuB_41J7ciKnEHtOdS6l5w-zDfR4SDo993popTkQnLwn9FFfTz0ZtexI3a4JNuVwVJrOb1H2vQ8nwMgHFvCHNn5p_OF8umZm0D5J-ABmby0Pf1pd1pYFKVYxlE7porJdVrUNfdCH35z4oFCPplXAoK_JTFYiE66c0HrKF2fUVo2uXuxWiEpGl94smLYmIz60I6T2SSgjuhtBzrUKrvNw1wEHJyazpkOd3LhLx4IjgiGYE3s50K5qlp9E5Kdxf3RbDHuGS1mxCGQTW2m9LkiakA_3fOniNsqIHr7jEcXZ59JW10Lx8iH13wjoBVNYC2a0Zln6XR5SyTSm0cMJzOV6lTQdL-ETJaqLxFaFOY_QOgLhGcdyLr59d2mSV2dcZX0B-CDvenyxX9v5CjYUtLVQ59ZlOlN2cq9vzDMa5zlp2a9ewij4RerRf9K_NVmBlNbXU5rEW77Mss6lgl0YMIkX1l0QywNz4kLziZ-ocU0e3Okh9GrlNtpEpBWxEjl174kQPzr95Y_knqZffaU1SDbih_pQNxDfhktFTl33nuaT_sUbyjE6xkPPlv-Nt_bevy_TZyI4jDcZL9ELU1q__gvm1w_O4Uvvbf-fN0WrKq0fRXAeAtSVRAGoQ_0_f59MR7vm2epBQrHT84za3-5hsO_8QTd1G5ecYVNzeKJ6psqgwz5IN6mOEsCVvLqPLBpIu_FEi-fEtiQ==&amp;xkcb=SoCd-_M3Yryz_PgVDL0PbzkdCdPP&amp;p=5&amp;fvj=0&amp;vjs=3,NOPE
/company/HELM/jobs/Junior-Devop-Software-Engineer-fe48d408783d7520?fccid=feeac034ca41a48b&amp;vjs=3,MISSING DATA
/company/Summit-Off-Duty-Services/jobs/Senior-Azure-Devop-Engineer-e9f9a5b1d9d81a32?fccid=2961cecc2650a962&amp;vjs=3,NOPE
/company/aptivacorp/jobs/Devop-Engineer-Year-Exp-70be973cba18ab3d?fccid=8cf11639037ffc79&amp;vjs=3,FINISHED
/company/Akken-Inc/jobs/Devop-Engineer-37b0b88e5ff546d7?fccid=4bb8e1df00ed90c5&amp;vjs=3,NOPE
/company/WorldLink/jobs/Devop-Streaming-Engineer-863af3e00d9f5ee8?fccid=5c0740ed94646b0c&amp;vjs=3,MISSING DATA
/company/Capital-Preferences/jobs/Lead-Devop-Engineer-0a0004ff08089d2c?fccid=bfa7f0b489e1a59c&amp;vjs=3,MISSING DATA
/company/XCEL-Engineering/jobs/Senior-Devop-Engineer-4267c954da74664f?fccid=fc887e0897140951&amp;vjs=3,MISSING DATA
/company/Infoserv-LLC/jobs/Devop-Engineer-b56db9acd65947a2?fccid=62ae9546290b633a&amp;vjs=3,MISSING DATA
/company/JRH-Consultants/jobs/Devop-Developer-f3200889f25fad1b?fccid=cef2e82d17c0d987&amp;vjs=3,MISSING DATA
/company/Five-Star-Logistics/jobs/Devop-Architect-92c066000aa1d995?fccid=48ebd6f178056599&amp;vjs=3,MISSING DATA
/pagead/clk?mo=r&amp;ad=-6NYlbfkN0Avftd6jsqiWrKyZssmiLKhk4_EZe-NnSIBQVtPsReCG7jCM-LcLwSbOAvDOC6cdpPNKx7MWLRlUzJ9pUNbLnG6pmaX3VOyayygUcK1D7hZF-lB_5-Htqd2Jaizp_VLn0rOEp9qkShhDBC-rKcElPZgjHpZxf0uQ71QwV4M-Nl4uSrFfphCdMAwKnbxJNnjdAtt-OoCounD2KM649FN3HLkphONtVngijdkX9NW-sKvugN3rNHarZgFw2ksYqkf0cs_46UcW2zCYLqLmojrzPn08W88VNCv4nb3uYRd0uN7cb3Fyl-HwXzb-A8z_2Jf_GY-IUVVZj-gzNVNSD1KM4Mr9QGunjx8FphSB0oWzltUlpGgPxor3sr8X7LVPkSwP0ECmq2WxLPZyNQrfsOBCLbCKiUs6VvkZJVSiKo_H2474gXTNuWwwVU5pqMjcUDnGaTScn8Sk8sLrv9LYvwHTbYZ&amp;xkcb=SoAY-_M3Yryy0Ywcxx0ObzkdCdPP&amp;p=14&amp;fvj=0&amp;vjs=3,NOPE
/company/Education-Strategy-Consulting/jobs/Devop-Engineer-bd0fba5b9e30e111?fccid=4272aeb52b2872e8&amp;vjs=3,NOPE
/company/XCEL-Engineering/jobs/Senior-Devop-Engineer-4267c954da74664f?fccid=fc887e0897140951&amp;vjs=3,MISSING DATA
/company/Infoserv-LLC/jobs/Devop-Engineer-b56db9acd65947a2?fccid=62ae9546290b633a&amp;vjs=3,FINISHED
/company/JRH-Consultants/jobs/Devop-Developer-f3200889f25fad1b?fccid=cef2e82d17c0d987&amp;vjs=3,MISSING DATA
/company/Five-Star-Logistics/jobs/Devop-Architect-92c066000aa1d995?fccid=48ebd6f178056599&amp;vjs=3,MISSING DATA
/pagead/clk?mo=r&amp;ad=-6NYlbfkN0Avftd6jsqiWrKyZssmiLKhk4_EZe-NnSIBQVtPsReCG7jCM-LcLwSbOAvDOC6cdpPNKx7MWLRlUzJ9pUNbLnG6pmaX3VOyayygUcK1D7hZF-lB_5-Htqd2Jaizp_VLn0rOEp9qkShhDBC-rKcElPZgjHpZxf0uQ71QwV4M-Nl4uSrFfphCdMAwKnbxJNnjdAtt-OoCounD2KM649FN3HLkphONtVngijdkX9NW-sKvugN3rNHarZgFw2ksYqkf0cs_46UcW2zCYLqLmojrzPn08W88VNCv4nb3uYRd0uN7cb3Fyl-HwXzb-A8z_2Jf_GY-IUVVZj-gzNVNSD1KM4Mr9QGunjx8FphSB0oWzltUlpGgPxor3sr8X7LVPkSwP0ECmq2WxLPZyNQrfsOBCLbCKiUs6VvkZJVSiKo_H2474gXTNuWwwVU5pqMjcUDnGaTScn8Sk8sLrv9LYvwHTbYZ&amp;xkcb=SoAY-_M3Yryy0Ywcxx0ObzkdCdPP&amp;p=14&amp;fvj=0&amp;vjs=3,NOPE
/company/Manifold-Technical-Consulting/jobs/Aws-Devop-Hosting-Engineer-461fc4ea4c60f704?fccid=851abad0c5a96a04&amp;vjs=3,NOPE
/company/Skill-quotient/jobs/Gcp-Infra-Devop-Engineer-7a07f8d36edf4095?fccid=61efd79318e60e8b&amp;vjs=3,MISSING DATA
/company/OrangePeople/jobs/Cloud-Devop-Platform-Engineer-3a7b912d98465712?fccid=d28b446181f5445a&amp;vjs=3,MISSING DATA
/company/Flexential/jobs/Devop-Engineer-d4afcd22ea6da5a1?fccid=093428069580c202&amp;vjs=3,FINISHED
/company/WAYPOINT-DATA-GROUP/jobs/Senior-Devop-Engineer-62c39274d19c5f0b?fccid=5619b301257ae61a&amp;vjs=3,MISSING DATA
/company/TDMK-Digital/jobs/Devop-Engineer-6931401ff246f407?fccid=75aa3237ff76d10a&amp;vjs=3,FINISHED
/company/Violet-Ink/jobs/Devop-Docker-Experience-ded024d1df2a138a?fccid=83297c5c158caf38&amp;vjs=3,FINISHED
/company/The-Crox-Group/jobs/Azure-Devop-Engineer-12f87f245ff75568?fccid=172212b87c704e10&amp;vjs=3,FINISHED
/company/Team-Velocity-Marketing/jobs/Devop-Engineer-aabfdc8bacfd4669?fccid=7e4727b645c03731&amp;vjs=3,MISSING DATA
/company/Apptad-Inc/jobs/Senior-Devop-Jira-Admin-54b4a32f4c2e4230?fccid=ef27ca64113c0839&amp;vjs=3,MISSING DATA
/company/The-Cervantes-Group/jobs/Devop-Engineer-7ddd359b59c539b1?fccid=7ba14e01cae82d04&amp;vjs=3,FINISHED
/company/PartnerCubed/jobs/Senior-Azure-Devop-Architect-804021b14d68dd8d?fccid=89dfbd353513a027&amp;vjs=3,FINISHED
/company/bivocalbirds/jobs/Devop-Engineer-9d7802093261c037?fccid=5f77e85ad4fd9536&amp;vjs=3,MISSING DATA
/company/Geopaq-Logic/jobs/Devop-Architect-e67987f74a141702?fccid=e9346be6db2c8ffa&amp;vjs=3,MISSING DATA
/company/HealthComp/jobs/Devop-Engineer-fb9329314daf04f3?fccid=1cd5b3f61a77d3c3&amp;vjs=3,NOPE
/company/Strategic-Systems/jobs/IT-Infrastructure-Engineer-51236e9055c7d3a1?fccid=1ec88f91cc2bcb84&amp;vjs=3,MISSING DATA
/company/FORMAC/jobs/Java-Architect-Devop-Python-99cfef686c003338?fccid=9700547e24b48fe2&amp;vjs=3,MISSING DATA
/company/KesarWeb/jobs/Devop-Developer-0faad7e60e60f750?fccid=36a6953a97504177&amp;vjs=3,MISSING DATA
/company/Sarah-Spegal/jobs/Cloud-Operation-Manager-3d37b3bdbc092810?fccid=8c1cb7b24e23b52d&amp;vjs=3,MISSING DATA
/company/Talent-Group/jobs/Senior-Ansible-Developer-be2f49da105b7fa7?fccid=577bf7c5223d969f&amp;vjs=3,FINISHED
/company/Rays-TechServ-Pvt.-Ltd./jobs/Devsecop-Solution-Architect-a33eeba220c78592?fccid=829d4683ca349b34&amp;vjs=3,MISSING DATA
/company/IvoryCloud/jobs/Devop-Developer-db0a05a678e549af?fccid=6e2e9cf3909d8ec5&amp;vjs=3,MISSING DATA
/company/Northstar-Logix/jobs/Net-Azure-Devop-987dd1c9c5dd69c3?fccid=3425fa5215a7dc1e&amp;vjs=3,MISSING DATA
/company/Epiq-InfoTech/jobs/Devop-Architect-6c4f8d9263297a5d?fccid=b8d0ea5923106cce&amp;vjs=3,MISSING DATA
/company/MTX-Group/jobs/Devop-Engineer-c6dccdca35b3d7ff?fccid=7adc383ec07db170&amp;vjs=3,MISSING DATA
/company/BayNova-LLC/jobs/Senior-Devop-Engineer-361b4bc8b81226f1?fccid=dd1dce2f3ce42137&amp;vjs=3,MISSING DATA
/company/SMART-Modular-Technologies/jobs/Senior-Devop-Engineer-0cc3c446c1170ce4?fccid=71a0ee4a4cabd79f&amp;vjs=3,FINISHED
/company/Brilliant-Infotech-Inc./jobs/Devop-Architect-922fa60c1a64976c?fccid=f7e3a741e5126bf9&amp;vjs=3,MISSING DATA
/company/Rays-Technologies/jobs/Devsecop-Solution-Architect-1df9383be5e62b6a?fccid=b2c9c4bb0e8511e7&amp;vjs=3,MISSING DATA
/company/BMC/jobs/Lead-Devop-Engineer-230b2990aea31037?fccid=dbcf5e866d247eef&amp;vjs=3,FINISHED
/company/Purple-Drive-Technologies/jobs/Devop-Engineer-a7edb87c4e70f5b2?fccid=b50885016c495d25&amp;vjs=3,MISSING DATA
/company/TRUSS/jobs/Infrastructure-Security-Engineer-Manager-0b514603de61b1be?fccid=4a4c0df9390fc902&amp;vjs=3,MISSING DATA
/company/Sana-Pivot-Inc/jobs/Devop-Engineer-f34044377d2040b9?fccid=911ffccd979b15e5&amp;vjs=3,MISSING DATA
/company/Zodiac-Solutions/jobs/Devop-Consultant-9c8ed57bee076371?fccid=a473dfccf06f8aae&amp;vjs=3,MISSING DATA
/company/Seamless-Migration/jobs/Devop-Engineer-423279bf219d8d81?fccid=9acb9d0b0397644f&amp;vjs=3,MISSING DATA
/company/EDZ-Systems/jobs/Devop-Engineer-17a9d26e2d1a20d4?fccid=e115f3b372a6ff58&amp;vjs=3,FINISHED
/company/Marathon-TS/jobs/Azure-Devop-Engineer-13e3c3ada1f2d643?fccid=971bf8a08036ad35&amp;vjs=3,MISSING DATA
/company/DSMH-LLC/jobs/Release-Devop-Engineer-af8b26002365e053?fccid=cec1996c9bfed425&amp;vjs=3,MISSING DATA
/company/Zora-Corporation/jobs/Aws-Devop-Engineer-728d825a9fd4da36?fccid=796847869e3d24d9&amp;vjs=3,FINISHED
/company/Suprha-Svc-LLC/jobs/Aws-Devop-Engineer-427f3c9d67e8deaa?fccid=0299b201be322571&amp;vjs=3,FINISHED
/company/nexVortex/jobs/Senior-Devop-Engineer-4a5da3359431d4f1?fccid=98dd0d53d34d2831&amp;vjs=3,FINISHED
/company/Wicresoft-for-ICF-International/jobs/Azure-Devop-Engineer-b4c9c9f230ea19fa?fccid=3830201234803a4a&amp;vjs=3,MISSING DATA
/company/Remoti/jobs/Senior-Devop-Engineer-153124e8790ed1f4?fccid=87d0bbe9b092a085&amp;vjs=3,MISSING DATA
/company/Mind-Solutions/jobs/Devop-Engineer-de83fa7880c84242?fccid=383132520e0d6893&amp;vjs=3,MISSING DATA
/company/OBMedia/jobs/Senior-Devop-Engineer-7f50a9b9bca7d876?fccid=616700522c49f565&amp;vjs=3,MISSING DATA
/company/Kraken-Digital-Asset-Exchange/jobs/Core-Infrastructure-Engineer-643d67c3581c5715?fccid=fc7b3a033fd34a37&amp;vjs=3,NOPE
/company/Mican-Technologies/jobs/Senior-Devop-Engineer-b8d79ffb92ef3628?fccid=f5d652c2bc097d42&amp;vjs=3,MISSING DATA
/company/3RP/jobs/Senior-Aws-Devop-Engineer-6d3638d0082f1673?fccid=8499db643ed1ba18&amp;vjs=3,MISSING DATA
/company/Boxed/jobs/Devop-Engineer-973c45b7123ff29a?fccid=31e99608a9d5a87f&amp;vjs=3,NOPE
/company/Hussmann/jobs/Senior-Devop-Engineer-0a933a7c8c14b6a7?fccid=4959bf22aeac0427&amp;vjs=3,MISSING DATA
/company/Softnice-Inc/jobs/Aws-Devop-Engineer-88b2676bfa039877?fccid=ca42bdfbe29c97c0&amp;vjs=3,NOPE
/company/Profile-DM-Inc/jobs/Azure-Devop-3da10dd9f63ef516?fccid=266f630b298a2322&amp;vjs=3,FINISHED
/company/ICF/jobs/Azure-Cloud-Devop-Engineer-cb6aed51ecf75c8b?fccid=e290923a98afee94&amp;vjs=3,FINISHED
/company/N9-IT-SOLUTIONS/jobs/Entry-Level-Devop-Engineer-cfb1f07e9aed8108?fccid=55a3baa4e7511cea&amp;vjs=3,MISSING DATA
/company/taa-solutions-llc/jobs/Linux-Administrator-Devop-Engineer-81d9a2721c6f67e9?fccid=dc14d8d15c8abaea&amp;vjs=3,FINISHED
/company/Infinity-Quest/jobs/Docker-Devop-80811ddb0593ff2d?fccid=8a1252dc7db432f1&amp;vjs=3,MISSING DATA
/company/Techprism.inc/jobs/Devop-Engineer-57fdeb678b3d5318?fccid=85b0064b61cd13ab&amp;vjs=3,FINISHED
/company/Skill-quotient/jobs/Devop-Architect-7c0ef9c795d57a5d?fccid=61efd79318e60e8b&amp;vjs=3,FINISHED
/company/Tekcogno/jobs/Devop-Developer-00991d0a7314c65f?fccid=360f48ee217c77a6&amp;vjs=3,MISSING DATA
/company/Apptrics-LLC/jobs/Devop-Engineer-32524515610f8905?fccid=b5162b6b121c7290&amp;vjs=3,MISSING DATA
/company/Tekcogno/jobs/Devop-Developer-00991d0a7314c65f?fccid=360f48ee217c77a6&amp;vjs=3,MISSING DATA
/company/Cloud-Nerd/jobs/Salesforce-Devop-Consultant-b8842e16faade6b2?fccid=9fd88e47294a9a92&amp;vjs=3,MISSING DATA
/company/ControlExpert/jobs/Devop-Administrator-c097a11edd1b461c?fccid=edc5ba7fa071d488&amp;vjs=3,MISSING DATA
/company/U--Haul/jobs/System-Engineer-925b0f55bdaec461?fccid=2533ecec90dc66a3&amp;vjs=3,MISSING DATA
/company/Infinity-Quest/jobs/Devop-Architect-ab40b162412c16e4?fccid=8a1252dc7db432f1&amp;vjs=3,FINISHED
/company/Digital-Dhara-LLC/jobs/Devop-Architect-fcd3ab69c7ce5443?fccid=c77b76135d73a183&amp;vjs=3,MISSING DATA
/company/Zettabyte-Nxt-LLC/jobs/Devop-Architect-ff8600bedc516a11?fccid=3a446f17794c51fc&amp;vjs=3,MISSING DATA
/company/Aevon-Inc/jobs/Aws-Devop-Solution-Architect-9f7b4d027e85717f?fccid=414627a7e77b0eb4&amp;vjs=3,MISSING DATA
/company/Axle-Informatics/jobs/Devop-Manager-357b59cc4ff65f54?fccid=a60af7a54a26eb04&amp;vjs=3,FINISHED
/company/Intellectt-Inc/jobs/Software-Engineer-dd29045a74aeb60d?fccid=9022c4dfe8411d45&amp;vjs=3,MISSING DATA
/company/Point1-Solutions/jobs/Aws-Devop-Architect-861258f87a42cf2e?fccid=6e338153f0e211c6&amp;vjs=3,FINISHED
/company/COMTEC-INFORMATION-SYSTEMS/jobs/Devop-Engineer-8c21cde2d8b21b91?fccid=b47a3f52ad45bd34&amp;vjs=3,FINISHED
/company/Intellipro-Technologies-Canada-Inc./jobs/Devop-Engineer-3c3728477327df7e?fccid=8dcd5ab779955daa&amp;vjs=3,FINISHED
/company/Catalyte/jobs/Aws-Devop-Engineer-b3ec9c59301fa095?fccid=6d26f2d6e7999c76&amp;vjs=3,FINISHED
/company/Fuge-Technologies-Inc/jobs/Azure-Devop-Engineer-afd510df66ea40d9?fccid=05d954141b7a8562&amp;vjs=3,FINISHED
/company/Tech-HQs/jobs/Devop-Engineer-4f3271cd96ff1a95?fccid=7bdffb10c1abb2e5&amp;vjs=3,FINISHED
/company/PetPartners-Inc./jobs/Devop-Engineer-75bc2d13d5ba9c0b?fccid=2844e03d069924d2&amp;vjs=3,FINISHED
/company/Access-To-Future/jobs/Senior-Devop-Engineer-d68a9afd51191fef?fccid=e6b6a9445fb0d455&amp;vjs=3,FINISHED
/company/Taxrise/jobs/Devop-Engineer-ead2b2999c842357?fccid=42f171881d4c5891&amp;vjs=3,FINISHED
/company/Mindcracker/jobs/Devop-Engineer-a63ee20149b3d512?fccid=7ec614deaa1f6176&amp;vjs=3,FINISHED
/company/Blutium/jobs/Senior-Devop-Engineer-9d02ab2d3f2bd095?fccid=07ba05388d24e41c&amp;vjs=3,MISSING DATA
/company/Sedera-Health/jobs/Devop-Engineer-05865da2c162e8f5?fccid=e107437aea608cc7&amp;vjs=3,MISSING DATA
/company/Teamware-Solutions/jobs/Azure-Devop-Engineer-573a3a2369c63298?fccid=f6e93c362922b86d&amp;vjs=3,FINISHED
/company/Resource-Management-Associates/jobs/IT-Mobile-Devop-Engineer-bc1beb986821e35d?fccid=3453e6c44b5987ad&amp;vjs=3,MISSING DATA
/company/CareStream-Dental/jobs/Devop-Engineer-a8007f9fa129f157?fccid=bc0d30e44f56b662&amp;vjs=3,MISSING DATA
/company/intuitive.cloud/jobs/Senior-Devop-Engineer-5f3c0d85cf4dabea?fccid=6467d401e9a614c3&amp;vjs=3,MISSING DATA
/company/thinklabs/jobs/Devop-Trainee-df3d98220381d84d?fccid=0ee47d67f6b6b9d2&amp;vjs=3,FINISHED
/company/HHAeXchange/jobs/Aws-Devop-Java-Engineer-e56663fc3237f7a2?fccid=1c38ae0295629ba4&amp;vjs=3,MISSING DATA
/company/NetSpend/jobs/Senior-Devop-Engineer-16442e207cd6b78b?fccid=ab52a178a28db212&amp;vjs=3,MISSING DATA
/company/OSR-Consulting/jobs/Devop-Engineer-bd0cbc54e4b4dd6e?fccid=91afc4b2ee73ea25&amp;vjs=3,MISSING DATA
/company/Page-Outsoursing/jobs/Devop-Software-Engineer-1c877c099510166f?fccid=aaaf86ebca2003d9&amp;vjs=3,MISSING DATA
/company/Volto-USA/jobs/Devop-Engineer-090f29132f82b2cb?fccid=1146b7a959518c2f&amp;vjs=3,MISSING DATA
/company/Taylor-Corporation/jobs/Senior-Azure-Devop-Engineer-b6ad851d0c967e5a?fccid=836ebda35c6c1d3b&amp;vjs=3,FINISHED
/company/Apptrics-LLC/jobs/Devop-Architect-1f0279469a42ba5c?fccid=b5162b6b121c7290&amp;vjs=3,MISSING DATA
/company/CTI-Consulting/jobs/Devsecop-Engineer-0d29289df7f6af66?fccid=379434ad9862816d&amp;vjs=3,FINISHED
/company/ARCAD-SOFTWARE/jobs/IBM-Devop-Consultant-6afaa2cd0de9a198?fccid=c5c8e5e425b8d4bd&amp;vjs=3,FINISHED
/company/Samjose-Infotech/jobs/Ga-Tech-IT-Architect-09bba0e5ef08eeb2?fccid=686d9c333ac5c873&amp;vjs=3,MISSING DATA
/company/TekValue-IT-Solutions/jobs/Senior-Window-Administrator-Devop-8f6ea9d162879d25?fccid=dd0695607f4cb8d3&amp;vjs=3,NOPE
/company/Humana/jobs/System-Engineer-3f2a6d2ddc8e90b3?fccid=5f1f0e6dcc6cbc83&amp;vjs=3,MISSING DATA
/company/co/jobs/Lead-Devop-Engineer-f4c60600618dbcf6?fccid=7c2d5b7088271f58&amp;vjs=3,MISSING DATA
/company/eSourced-LLC/jobs/Senior-Devop-265dc26c496e55ca?fccid=3582db791e0200d2&amp;vjs=3,MISSING DATA
/company/Silicon-Mountain-Technologies/jobs/Devop-Delivery-Specialist-db3b36b79b41ed03?fccid=380e157e1096e4ab&amp;vjs=3,FINISHED
/company/intuitive.cloud/jobs/Senior-Cloud-Data-Infrastructure-Engineer-49ddebec3ddc90ee?fccid=6467d401e9a614c3&amp;vjs=3,MISSING DATA
/company/Convisorit/jobs/Salesforce-Devop-Technical-Lead-bd5c8ea5cbf411e3?fccid=58c59db988ad33dc&amp;vjs=3,MISSING DATA
/company/Petabloc---Cloud-Consulting/jobs/Project-Manager-0987ef9d919de882?fccid=5701ce14c514db27&amp;vjs=3,FINISHED
/company/Trf-Technologies/jobs/Devop-Architect-Python-95f3207df71d43e7?fccid=fa8c4c41e0f2106a&amp;vjs=3,FINISHED
/company/University-of-Delaware/jobs/Devop-Network-Engineer-6c67f1244cc7bb32?fccid=4c0be301907c31d0&amp;vjs=3,FINISHED
/company/Aevon-Inc/jobs/Devop-Architect-c64d3dd2d7ebd958?fccid=414627a7e77b0eb4&amp;vjs=3,FINISHED
/company/Devcare-Solutions/jobs/Azure-Devop-Engineer-2eef8e1185e1413b?fccid=debba90512f725cc&amp;vjs=3,MISSING DATA
/company/Sunixa-Solutions/jobs/Devop-Engineer-9d3be363743bc9bb?fccid=b6ed810623a1c478&amp;vjs=3,FINISHED
/company/1upHealth/jobs/Devop-Engineer-e8bd6c15b0dc2665?fccid=70558f67ad143cdc&amp;vjs=3,NOPE
/company/ANB-Sourcing-LLC/jobs/Devop-Engineer-W2-Only-3a923cd6032fc72a?fccid=455a18115bbbf4b9&amp;vjs=3,MISSING DATA
/company/Brahma-Consulting-Group/jobs/Devop-Engineer-16738d8f94774fe0?fccid=15965e7ec9a1df3d&amp;vjs=3,FINISHED
/company/%EF%BC%AC%EF%BC%AF%EF%BC%AF%EF%BC%B0/jobs/Senior-Devop-Engineer-138bc5366c87b2d3?fccid=8d3b9b501e88a734&amp;vjs=3,MISSING DATA
/company/Integration-Developer-Network/jobs/Devop-Engineer-d0b03f7a647b350b?fccid=6af1cd9d656e6476&amp;vjs=3,MISSING DATA
/company/iappsdata/jobs/Devop-Engineer-Groovy-6f964745cacc81b0?fccid=cdb4db21dc7f698f&amp;vjs=3,FINISHED
/company/MeetingResult-LLC/jobs/Azure-Devop-Admin-07673cfaa57342f0?fccid=b81b0e22a64ca147&amp;vjs=3,MISSING DATA
/company/Lemongrass/jobs/Devop-Engineer-fbe49ec88e59e050?fccid=79adceb925d5c833&amp;vjs=3,FINISHED
/company/Openmind-Technologies/jobs/-d56e1766205512c3?fccid=049fc918c1071150&amp;vjs=3,MISSING DATA
/company/Winwire-Technologies/jobs/Devop-System-Administrator-a8850a8c605efbf6?fccid=fd47bffaf068bfb4&amp;vjs=3,MISSING DATA
/company/kasmo-cloud-solutions/jobs/Salesforce-Devop-Engineer-997352b29dbf8051?fccid=d182fe5567b93b2b&amp;vjs=3,MISSING DATA
/company/DSMH-LLC/jobs/Cloud-Devop-Engineer-c90563d48b6793d4?fccid=cec1996c9bfed425&amp;vjs=3,MISSING DATA
/company/Conrelv-Solutions-Inc/jobs/Devop-Artifact-Electriccommander-488543495825ddcf?fccid=e372fc7027ede89f&amp;vjs=3,MISSING DATA
/company/infinite-Computer-Solution/jobs/Devop-or-Cloud-Development-6bed9ec619deb893?fccid=a79f62f595866cb4&amp;vjs=3,MISSING DATA
/company/The-Micah-Group/jobs/Experienced-Software-Engineer-0b1fd82cc7cd952d?fccid=628bc2787aee53e9&amp;vjs=3,FINISHED
/company/Aagama-solutions/jobs/Senior-Azure-Devop-Engineer-a092849169430170?fccid=8738bca88bd5e575&amp;vjs=3,FINISHED
/company/Tekshapers-Software-Solutions-Pvt-Ltd/jobs/Devop-Engineer-96384fdf24ef6385?fccid=eae3b55a47500d2f&amp;vjs=3,FINISHED
/company/BuzzClan-LLC/jobs/Devop-Architect-252e35bf6180f2c5?fccid=3c6bf8306202ea22&amp;vjs=3,MISSING DATA
/company/Pomeroy/jobs/Devop-Developer-b12db62db8930ea6?fccid=e21c375a70111548&amp;vjs=3,MISSING DATA
/company/Winwire-Technologies/jobs/Cloud-Engineer-682829464a206d5d?fccid=fd47bffaf068bfb4&amp;vjs=3,MISSING DATA
/company/The-Micah-Group/jobs/Devop-Engineer-449d764e4aa767d1?fccid=628bc2787aee53e9&amp;vjs=3,FINISHED
/company/SP-TECH/jobs/Azure-Devop-Engineer-676af3c814ce31bd?fccid=f64d56ec015214f0&amp;vjs=3,MISSING DATA
/company/Great-American-Insurance-Group/jobs/Emerging-Tech-Mlop-Engineer-f8260ebf32605f0b?fccid=11e7471668f88afd&amp;vjs=3,FINISHED
/company/Biometric-Health/jobs/Devop-ca8d9fbeeb545c19?fccid=4d52cc8c7c371812&amp;vjs=3,MISSING DATA
/company/Kairos-Technologies/jobs/Cloud-Infrastructure-Engineer-ea14a12507a728ba?fccid=609eeb6b6a1a2e5b&amp;vjs=3,FINISHED
/company/RD-Solutions/jobs/Senior-Devop-Engineer-373873d7aef3faf0?fccid=f5f7303de9e7b4e7&amp;vjs=3,MISSING DATA
/company/VERITIS-GROUP-INC/jobs/Devsecop-81369f21996dd25a?fccid=de301e8c0dc7e7c2&amp;vjs=3,MISSING DATA
/company/Access-To-Future/jobs/Shared-Delivery-Infrastructure-Engineer-2fa86728f6080855?fccid=e6b6a9445fb0d455&amp;vjs=3,FINISHED
/company/INSEEGO/jobs/Senior-Devop-Engineer-4b74fe7739dfeb1e?fccid=b833cb8d4b96402a&amp;vjs=3,MISSING DATA
/company/PerkinElmer/jobs/Product-Owner-e4b172394fedc381?fccid=dedb01f1a81e63e6&amp;vjs=3,MISSING DATA
/company/Keystone-Clearwater-Solutions/jobs/Automation-Devop-Support-Specialist-868e0ccfb7489dea?fccid=b258104e5fafa34d&amp;vjs=3,MISSING DATA
/company/RD-Solutions/jobs/Aws-Devop-Architect-dc6b5fd59d31c021?fccid=f5f7303de9e7b4e7&amp;vjs=3,MISSING DATA
/company/1st--Recruit/jobs/Devop-Devsecop-Architect-2a5058fa80d68533?fccid=4134384278fe2428&amp;vjs=3,MISSING DATA
/company/CTI-Consulting/jobs/Senior-Azure-Devop-Net-Developer-dfc3e2c7c444c959?fccid=379434ad9862816d&amp;vjs=3,MISSING DATA
/company/Career-Management/jobs/Devop-Architect-b454bd032b3089b0?fccid=6df8f47de6b74d4b&amp;vjs=3,MISSING DATA
/company/CYBRILL/jobs/Devop-Engineer-401a0ffad8d61d5d?fccid=824eb61460442a9b&amp;vjs=3,FINISHED
/company/servIT/jobs/Devop-Engineer-1ce1716c4536b00d?fccid=9294c696595d58c6&amp;vjs=3,MISSING DATA
/company/K--TEK-RESOURCING/jobs/Devop-Engineer-Data-Engineer-7981d7f309183f3c?fccid=f1cf45a535518ed5&amp;vjs=3,MISSING DATA
/company/Mygo-Consulting-Inc/jobs/Senior-Devop-Engineer-Architect-c412ccaeb28a4a39?fccid=fcfa86813154b731&amp;vjs=3,MISSING DATA
/company/Gurobi-Optimization/jobs/Devop-Engineer-6bee983139cb3723?fccid=b1c7d26254644e41&amp;vjs=3,FINISHED
/company/Teleqo-Technical-Solutions/jobs/Devop-Engineer-7d0e9462bc2c1747?fccid=da4d3ca60faf7a04&amp;vjs=3,MISSING DATA
/company/AANSEACORE/jobs/Devop-Engineer-Azure-960bc632bc528014?fccid=4552df2d12ae1cad&amp;vjs=3,MISSING DATA
/company/Hireups/jobs/Senior-Devop-Engineer-Benefit-W-or-2a5ae237076bb099?fccid=c7adcdef461c0284&amp;vjs=3,MISSING DATA
/company/EDZ-Systems/jobs/Devop-Automation-Engineer-d146b97c3b697341?fccid=9681ba6573abdccf&amp;vjs=3,MISSING DATA
/company/NLB-Technology-Services/jobs/Devsecop-Resource-Till-Covid-cddc9ecb27137ae8?fccid=b3fc027da382dafc&amp;vjs=3,MISSING DATA
/company/Interas-Labs-LLC/jobs/Lead-Devop-Engineer-Chef-24adefcd99f10f19?fccid=eb4160e632c4d774&amp;vjs=3,MISSING DATA
/company/Valsatech-Corp/jobs/Devop-Manager-Fulltime-Role-8a37f45df1a3a945?fccid=e20d8b8ce46b3390&amp;vjs=3,FINISHED
/company/Federal-Reserve-Bank-(National-IT)/jobs/Cybersecurity-Cloud-Engineer-21f90fb7c69b9b70?fccid=d7ad8f8579dc2d61&amp;vjs=3,MISSING DATA
/company/RD-Solutions-Inc/jobs/Aws-Devop-Engineer-3f0cbfa93c075f36?fccid=0a1e69ab02c3ca26&amp;vjs=3,FINISHED
/company/Turing-IT-Labs/jobs/Devop-Lead-0769f7b4d17c02c7?fccid=cd93cb9ff9343e4b&amp;vjs=3,FINISHED
/company/megan-soft/jobs/Devop-Lead-bb3538092bc37665?fccid=77ffee9cc62fe54c&amp;vjs=3,MISSING DATA
/company/RD-Solutions-Inc/jobs/Devop-Architect-cb074c3adebbf24a?fccid=0a1e69ab02c3ca26&amp;vjs=3,FINISHED
