naming,link
DevOps Manager,https://www.dice.com/jobs/detail/bdf91bc33b6ae14b7e61c2ff33c0a7c4?searchlink=search%2F%3Fq%3Ddevops%26countryCode%3DUS%26radius%3D30%26radiusUnit%3Dmi%26page%3D1%26pageSize%3D20%26filters.easyApply%3Dtrue%26filters.isRemote%3Dtrue%26language%3Den%26eid%3DS2Q_%2Cbw_1&searchId=aa39e1fb-d04c-447d-869d-30ffa22fc775
DevOps Engineer (Remote),https://www.dice.com/jobs/detail/e1496f546f35c9ac014410cb1b26cc8b?searchlink=search%2F%3Fq%3Ddevops%26countryCode%3DUS%26radius%3D30%26radiusUnit%3Dmi%26page%3D1%26pageSize%3D20%26filters.easyApply%3Dtrue%26filters.isRemote%3Dtrue%26language%3Den%26eid%3DS2Q_%2Cbw_1&searchId=aa39e1fb-d04c-447d-869d-30ffa22fc775
DevOps,https://www.dice.com/jobs/detail/3f7a163a04222c68f8c74fbf1a146b57?searchlink=search%2F%3Fq%3Ddevops%26countryCode%3DUS%26radius%3D30%26radiusUnit%3Dmi%26page%3D1%26pageSize%3D20%26filters.easyApply%3Dtrue%26filters.isRemote%3Dtrue%26language%3Den%26eid%3DS2Q_%2Cbw_1&searchId=aa39e1fb-d04c-447d-869d-30ffa22fc775
DevOps Architect,https://www.dice.com/jobs/detail/81a53e699553027c76b6565bf87c62b7?searchlink=search%2F%3Fq%3Ddevops%26countryCode%3DUS%26radius%3D30%26radiusUnit%3Dmi%26page%3D1%26pageSize%3D20%26filters.easyApply%3Dtrue%26filters.isRemote%3Dtrue%26language%3Den%26eid%3DS2Q_%2Cbw_1&searchId=aa39e1fb-d04c-447d-869d-30ffa22fc775
SR Devops consultant,https://www.dice.com/jobs/detail/a1649a898b253124412541a90599c1b6?searchlink=search%2F%3Fq%3Ddevops%26countryCode%3DUS%26radius%3D30%26radiusUnit%3Dmi%26page%3D1%26pageSize%3D20%26filters.easyApply%3Dtrue%26filters.isRemote%3Dtrue%26language%3Den%26eid%3DS2Q_%2Cbw_1&searchId=aa39e1fb-d04c-447d-869d-30ffa22fc775
Devops Engineer,https://www.dice.com/jobs/detail/e909950c54f7129bf075c1286f2f0bd0?searchlink=search%2F%3Fq%3Ddevops%26countryCode%3DUS%26radius%3D30%26radiusUnit%3Dmi%26page%3D1%26pageSize%3D20%26filters.easyApply%3Dtrue%26filters.isRemote%3Dtrue%26language%3Den%26eid%3DS2Q_%2Cbw_1&searchId=aa39e1fb-d04c-447d-869d-30ffa22fc775
DevOps Architect,https://www.dice.com/jobs/detail/99f0c760b59646709e4e786ed0f78d20?searchlink=search%2F%3Fq%3Ddevops%26countryCode%3DUS%26radius%3D30%26radiusUnit%3Dmi%26page%3D1%26pageSize%3D20%26filters.easyApply%3Dtrue%26filters.isRemote%3Dtrue%26language%3Den%26eid%3DS2Q_%2Cbw_1&searchId=aa39e1fb-d04c-447d-869d-30ffa22fc775
Sr. DevOps Engineer,https://www.dice.com/jobs/detail/321ba976a4b11a1fcfc55bad58125bcb?searchlink=search%2F%3Fq%3Ddevops%26countryCode%3DUS%26radius%3D30%26radiusUnit%3Dmi%26page%3D1%26pageSize%3D20%26filters.easyApply%3Dtrue%26filters.isRemote%3Dtrue%26language%3Den%26eid%3DS2Q_%2Cbw_1&searchId=aa39e1fb-d04c-447d-869d-30ffa22fc775
DevOps Engineer with Google Cloud Platform,https://www.dice.com/jobs/detail/c0c7665298c42b6ec4469300f0d2551d?searchlink=search%2F%3Fq%3Ddevops%26countryCode%3DUS%26radius%3D30%26radiusUnit%3Dmi%26page%3D1%26pageSize%3D20%26filters.easyApply%3Dtrue%26filters.isRemote%3Dtrue%26language%3Den%26eid%3DS2Q_%2Cbw_1&searchId=aa39e1fb-d04c-447d-869d-30ffa22fc775
DevOps Architect (AWS or Azure),https://www.dice.com/jobs/detail/f97185950edb1bd0cccd232a0df386fb?searchlink=search%2F%3Fq%3Ddevops%26countryCode%3DUS%26radius%3D30%26radiusUnit%3Dmi%26page%3D1%26pageSize%3D20%26filters.easyApply%3Dtrue%26filters.isRemote%3Dtrue%26language%3Den%26eid%3DS2Q_%2Cbw_1&searchId=aa39e1fb-d04c-447d-869d-30ffa22fc775
Senior DevOps Engineer,https://www.dice.com/jobs/detail/6daadec8ce5f69a10ad2ee9ed90e230a?searchlink=search%2F%3Fq%3Ddevops%26countryCode%3DUS%26radius%3D30%26radiusUnit%3Dmi%26page%3D1%26pageSize%3D20%26filters.easyApply%3Dtrue%26filters.isRemote%3Dtrue%26language%3Den%26eid%3DS2Q_%2Cbw_1&searchId=aa39e1fb-d04c-447d-869d-30ffa22fc775
DevOps Engineer - Fulltime - 100 Remote,https://www.dice.com/jobs/detail/cf4c117e7ee4b6bddbb2cb882d0f07ae?searchlink=search%2F%3Fq%3Ddevops%26countryCode%3DUS%26radius%3D30%26radiusUnit%3Dmi%26page%3D1%26pageSize%3D20%26filters.easyApply%3Dtrue%26filters.isRemote%3Dtrue%26language%3Den%26eid%3DS2Q_%2Cbw_1&searchId=aa39e1fb-d04c-447d-869d-30ffa22fc775
Senior DevOps Engineer,https://www.dice.com/jobs/detail/e97a3a05230a405ae8a14a0e3f812d01?searchlink=search%2F%3Fq%3Ddevops%26countryCode%3DUS%26radius%3D30%26radiusUnit%3Dmi%26page%3D1%26pageSize%3D20%26filters.easyApply%3Dtrue%26filters.isRemote%3Dtrue%26language%3Den%26eid%3DS2Q_%2Cbw_1&searchId=aa39e1fb-d04c-447d-869d-30ffa22fc775
Need IOT MQTT Devops Engineer || Remote || Immediate interview.,https://www.dice.com/jobs/detail/d7ed93dd8cd16cb64650e86f79998af9?searchlink=search%2F%3Fq%3Ddevops%26countryCode%3DUS%26radius%3D30%26radiusUnit%3Dmi%26page%3D1%26pageSize%3D20%26filters.easyApply%3Dtrue%26filters.isRemote%3Dtrue%26language%3Den%26eid%3DS2Q_%2Cbw_1&searchId=aa39e1fb-d04c-447d-869d-30ffa22fc775
Data Architect-59311 (Azure DevOps),https://www.dice.com/jobs/detail/1c775113c24a86fc2d32fbd71ebbfd61?searchlink=search%2F%3Fq%3Ddevops%26countryCode%3DUS%26radius%3D30%26radiusUnit%3Dmi%26page%3D1%26pageSize%3D20%26filters.easyApply%3Dtrue%26filters.isRemote%3Dtrue%26language%3Den%26eid%3DS2Q_%2Cbw_1&searchId=aa39e1fb-d04c-447d-869d-30ffa22fc775
DevOps Engineer,https://www.dice.com/jobs/detail/24a4f9e7533c938f4e71c0b1b3833397?searchlink=search%2F%3Fq%3Ddevops%26countryCode%3DUS%26radius%3D30%26radiusUnit%3Dmi%26page%3D1%26pageSize%3D20%26filters.easyApply%3Dtrue%26filters.isRemote%3Dtrue%26language%3Den%26eid%3DS2Q_%2Cbw_1&searchId=aa39e1fb-d04c-447d-869d-30ffa22fc775
Direct Client - Sr. SRE / DevOps Engineer (Azure/AWS, Kubernetes, ServiceFabric, Terraforms, Coding/Operations Experience),https://www.dice.com/jobs/detail/de879763e744d940ece8c355eb3cc486?searchlink=search%2F%3Fq%3Ddevops%26countryCode%3DUS%26radius%3D30%26radiusUnit%3Dmi%26page%3D1%26pageSize%3D20%26filters.easyApply%3Dtrue%26filters.isRemote%3Dtrue%26language%3Den%26eid%3DS2Q_%2Cbw_1&searchId=aa39e1fb-d04c-447d-869d-30ffa22fc775
DevOps Engineer,https://www.dice.com/jobs/detail/2eddb1b8508c4d78571feb47aee0381a?searchlink=search%2F%3Fq%3Ddevops%26countryCode%3DUS%26radius%3D30%26radiusUnit%3Dmi%26page%3D1%26pageSize%3D20%26filters.easyApply%3Dtrue%26filters.isRemote%3Dtrue%26language%3Den%26eid%3DS2Q_%2Cbw_1&searchId=aa39e1fb-d04c-447d-869d-30ffa22fc775
Salesforce DevOps Architect,https://www.dice.com/jobs/detail/d9545a4b1a45c156597723084a1a1d82?searchlink=search%2F%3Fq%3Ddevops%26countryCode%3DUS%26radius%3D30%26radiusUnit%3Dmi%26page%3D1%26pageSize%3D20%26filters.easyApply%3Dtrue%26filters.isRemote%3Dtrue%26language%3Den%26eid%3DS2Q_%2Cbw_1&searchId=aa39e1fb-d04c-447d-869d-30ffa22fc775
Azure devops,https://www.dice.com/jobs/detail/56ab3fcd7811ca838b701a72138deb79?searchlink=search%2F%3Fq%3Ddevops%26countryCode%3DUS%26radius%3D30%26radiusUnit%3Dmi%26page%3D1%26pageSize%3D20%26filters.easyApply%3Dtrue%26filters.isRemote%3Dtrue%26language%3Den%26eid%3DS2Q_%2Cbw_1&searchId=aa39e1fb-d04c-447d-869d-30ffa22fc775
Azure Senior DevOps Engineer , REMOTE,https://www.dice.com/jobs/detail/430c09424bbaeb66fc4b7af7856a2e9c?searchlink=search%2F%3Fq%3Ddevops%26countryCode%3DUS%26radius%3D30%26radiusUnit%3Dmi%26page%3D1%26pageSize%3D20%26filters.easyApply%3Dtrue%26filters.isRemote%3Dtrue%26language%3Den%26eid%3DS2Q_%2Cbw_1&searchId=aa39e1fb-d04c-447d-869d-30ffa22fc775
Software Developer/Site Reliability Engineer - .NET, C#, DevOps - 100% REMOTE WORK 37313,https://www.dice.com/jobs/detail/9f6a0d942e401cc455b3a5578c6be8d2?searchlink=search%2F%3Fq%3Ddevops%26countryCode%3DUS%26radius%3D30%26radiusUnit%3Dmi%26page%3D1%26pageSize%3D20%26filters.easyApply%3Dtrue%26filters.isRemote%3Dtrue%26language%3Den%26eid%3DS2Q_%2Cbw_1&searchId=aa39e1fb-d04c-447d-869d-30ffa22fc775
DevOps Engineer,https://www.dice.com/jobs/detail/dcc9d840f2ca8471f2b4a69e87a78fb3?searchlink=search%2F%3Fq%3Ddevops%26countryCode%3DUS%26radius%3D30%26radiusUnit%3Dmi%26page%3D2%26pageSize%3D20%26filters.easyApply%3Dtrue%26filters.isRemote%3Dtrue%26language%3Den%26eid%3DS2Q_%2Cbw_1&searchId=1c1659ec-c19b-42b5-9792-e974a6ce2127
Azure Devops Architect,https://www.dice.com/jobs/detail/feda5182def069774d52f460a6a00590?searchlink=search%2F%3Fq%3Ddevops%26countryCode%3DUS%26radius%3D30%26radiusUnit%3Dmi%26page%3D2%26pageSize%3D20%26filters.easyApply%3Dtrue%26filters.isRemote%3Dtrue%26language%3Den%26eid%3DS2Q_%2Cbw_1&searchId=1c1659ec-c19b-42b5-9792-e974a6ce2127
Devops Architecht,https://www.dice.com/jobs/detail/41bdaf4bb9adc1e6615ded272e364c9a?searchlink=search%2F%3Fq%3Ddevops%26countryCode%3DUS%26radius%3D30%26radiusUnit%3Dmi%26page%3D2%26pageSize%3D20%26filters.easyApply%3Dtrue%26filters.isRemote%3Dtrue%26language%3Den%26eid%3DS2Q_%2Cbw_1&searchId=1c1659ec-c19b-42b5-9792-e974a6ce2127
Azure Cloud Engineer (ARM, Terraform, C#, DevOps, GIT),https://www.dice.com/jobs/detail/787b0180961fdb0541dfd892e069014b?searchlink=search%2F%3Fq%3Ddevops%26countryCode%3DUS%26radius%3D30%26radiusUnit%3Dmi%26page%3D2%26pageSize%3D20%26filters.easyApply%3Dtrue%26filters.isRemote%3Dtrue%26language%3Den%26eid%3DS2Q_%2Cbw_1&searchId=1c1659ec-c19b-42b5-9792-e974a6ce2127
DevOps Engineer (Terraform / Ansible / AWS) - Remote,https://www.dice.com/jobs/detail/e8261afbfab60fe40d9fb2d3447dc10a?searchlink=search%2F%3Fq%3Ddevops%26countryCode%3DUS%26radius%3D30%26radiusUnit%3Dmi%26page%3D2%26pageSize%3D20%26filters.easyApply%3Dtrue%26filters.isRemote%3Dtrue%26language%3Den%26eid%3DS2Q_%2Cbw_1&searchId=1c1659ec-c19b-42b5-9792-e974a6ce2127
Lead DevOps Engineer,https://www.dice.com/jobs/detail/79e39e8bb714d880f8aa5a9adb1d6c39?searchlink=search%2F%3Fq%3Ddevops%26countryCode%3DUS%26radius%3D30%26radiusUnit%3Dmi%26page%3D2%26pageSize%3D20%26filters.easyApply%3Dtrue%26filters.isRemote%3Dtrue%26language%3Den%26eid%3DS2Q_%2Cbw_1&searchId=1c1659ec-c19b-42b5-9792-e974a6ce2127
DevOps Engineer,https://www.dice.com/jobs/detail/86d79209ad6aa3db6e08c2998401e6fb?searchlink=search%2F%3Fq%3Ddevops%26countryCode%3DUS%26radius%3D30%26radiusUnit%3Dmi%26page%3D2%26pageSize%3D20%26filters.easyApply%3Dtrue%26filters.isRemote%3Dtrue%26language%3Den%26eid%3DS2Q_%2Cbw_1&searchId=1c1659ec-c19b-42b5-9792-e974a6ce2127
SAP DevOps Consultant - SCOTTSDALE, AZ Remote,https://www.dice.com/jobs/detail/28564f7e11825d3a594a0ea0838a6796?searchlink=search%2F%3Fq%3Ddevops%26countryCode%3DUS%26radius%3D30%26radiusUnit%3Dmi%26page%3D2%26pageSize%3D20%26filters.easyApply%3Dtrue%26filters.isRemote%3Dtrue%26language%3Den%26eid%3DS2Q_%2Cbw_1&searchId=1c1659ec-c19b-42b5-9792-e974a6ce2127
Azure DevOps Engineer,https://www.dice.com/jobs/detail/891d1d906ef8c937f6be14768df9c26b?searchlink=search%2F%3Fq%3Ddevops%26countryCode%3DUS%26radius%3D30%26radiusUnit%3Dmi%26page%3D2%26pageSize%3D20%26filters.easyApply%3Dtrue%26filters.isRemote%3Dtrue%26language%3Den%26eid%3DS2Q_%2Cbw_1&searchId=1c1659ec-c19b-42b5-9792-e974a6ce2127
Remote Azure Devops Data Lead,https://www.dice.com/jobs/detail/6c618ddd6a3e0d9faa1898ce814cdc55?searchlink=search%2F%3Fq%3Ddevops%26countryCode%3DUS%26radius%3D30%26radiusUnit%3Dmi%26page%3D2%26pageSize%3D20%26filters.easyApply%3Dtrue%26filters.isRemote%3Dtrue%26language%3Den%26eid%3DS2Q_%2Cbw_1&searchId=1c1659ec-c19b-42b5-9792-e974a6ce2127
Big Data Scala and DevOps engineer,https://www.dice.com/jobs/detail/72141c30781664384014d155b1c40a93?searchlink=search%2F%3Fq%3Ddevops%26countryCode%3DUS%26radius%3D30%26radiusUnit%3Dmi%26page%3D2%26pageSize%3D20%26filters.easyApply%3Dtrue%26filters.isRemote%3Dtrue%26language%3Den%26eid%3DS2Q_%2Cbw_1&searchId=1c1659ec-c19b-42b5-9792-e974a6ce2127
Cloud DevOps Engineer,https://www.dice.com/jobs/detail/eeae197a47ada6ae922247c92ad5abc3?searchlink=search%2F%3Fq%3Ddevops%26countryCode%3DUS%26radius%3D30%26radiusUnit%3Dmi%26page%3D2%26pageSize%3D20%26filters.easyApply%3Dtrue%26filters.isRemote%3Dtrue%26language%3Den%26eid%3DS2Q_%2Cbw_1&searchId=1c1659ec-c19b-42b5-9792-e974a6ce2127
Azure Devops Architect,https://www.dice.com/jobs/detail/8e7bfababb3de9d66fd440965b09b604?searchlink=search%2F%3Fq%3Ddevops%26countryCode%3DUS%26radius%3D30%26radiusUnit%3Dmi%26page%3D2%26pageSize%3D20%26filters.easyApply%3Dtrue%26filters.isRemote%3Dtrue%26language%3Den%26eid%3DS2Q_%2Cbw_1&searchId=1c1659ec-c19b-42b5-9792-e974a6ce2127
AWS DevOps Architect,https://www.dice.com/jobs/detail/989cd1d4df9b58d250d8f099562f369e?searchlink=search%2F%3Fq%3Ddevops%26countryCode%3DUS%26radius%3D30%26radiusUnit%3Dmi%26page%3D2%26pageSize%3D20%26filters.easyApply%3Dtrue%26filters.isRemote%3Dtrue%26language%3Den%26eid%3DS2Q_%2Cbw_1&searchId=1c1659ec-c19b-42b5-9792-e974a6ce2127
Devops consultant,https://www.dice.com/jobs/detail/fab8024b24f05e95a97b03e203d833d9?searchlink=search%2F%3Fq%3Ddevops%26countryCode%3DUS%26radius%3D30%26radiusUnit%3Dmi%26page%3D2%26pageSize%3D20%26filters.easyApply%3Dtrue%26filters.isRemote%3Dtrue%26language%3Den%26eid%3DS2Q_%2Cbw_1&searchId=1c1659ec-c19b-42b5-9792-e974a6ce2127
Sr. DevOps Engineer,https://www.dice.com/jobs/detail/f396c5a4cb96f38f6a5abf99bdb07af8?searchlink=search%2F%3Fq%3Ddevops%26countryCode%3DUS%26radius%3D30%26radiusUnit%3Dmi%26page%3D2%26pageSize%3D20%26filters.easyApply%3Dtrue%26filters.isRemote%3Dtrue%26language%3Den%26eid%3DS2Q_%2Cbw_1&searchId=1c1659ec-c19b-42b5-9792-e974a6ce2127
DevOps Solution Architect and Engineer,https://www.dice.com/jobs/detail/71dab604170fc75451067855dfc698e9?searchlink=search%2F%3Fq%3Ddevops%26countryCode%3DUS%26radius%3D30%26radiusUnit%3Dmi%26page%3D2%26pageSize%3D20%26filters.easyApply%3Dtrue%26filters.isRemote%3Dtrue%26language%3Den%26eid%3DS2Q_%2Cbw_1&searchId=1c1659ec-c19b-42b5-9792-e974a6ce2127
Sr DevOps Engineer,https://www.dice.com/jobs/detail/d2e527fa2ee6c8cb963095c27b001140?searchlink=search%2F%3Fq%3Ddevops%26countryCode%3DUS%26radius%3D30%26radiusUnit%3Dmi%26page%3D2%26pageSize%3D20%26filters.easyApply%3Dtrue%26filters.isRemote%3Dtrue%26language%3Den%26eid%3DS2Q_%2Cbw_1&searchId=1c1659ec-c19b-42b5-9792-e974a6ce2127
DevOps Engineer (Hybrid),https://www.dice.com/jobs/detail/8e6a2132a3f2f968d09df95490c6c4e0?searchlink=search%2F%3Fq%3Ddevops%26countryCode%3DUS%26radius%3D30%26radiusUnit%3Dmi%26page%3D2%26pageSize%3D20%26filters.easyApply%3Dtrue%26filters.isRemote%3Dtrue%26language%3Den%26eid%3DS2Q_%2Cbw_1&searchId=1c1659ec-c19b-42b5-9792-e974a6ce2127
DevOps/Ansible Engineer,https://www.dice.com/jobs/detail/43c58aabec61ac13128ae2f51327f523?searchlink=search%2F%3Fq%3Ddevops%26countryCode%3DUS%26radius%3D30%26radiusUnit%3Dmi%26page%3D2%26pageSize%3D20%26filters.easyApply%3Dtrue%26filters.isRemote%3Dtrue%26language%3Den%26eid%3DS2Q_%2Cbw_1&searchId=1c1659ec-c19b-42b5-9792-e974a6ce2127
Azure Principal DevOps Engineer,https://www.dice.com/jobs/detail/c4b55abc7ba45546d55be5df8431a383?searchlink=search%2F%3Fq%3Ddevops%26countryCode%3DUS%26radius%3D30%26radiusUnit%3Dmi%26page%3D3%26pageSize%3D20%26filters.easyApply%3Dtrue%26filters.isRemote%3Dtrue%26language%3Den%26eid%3DS2Q_%2Cbw_1&searchId=07720242-c95a-4706-bc21-42434eaa7373
(Remote Job)DevOps Architect,https://www.dice.com/jobs/detail/1f2028b260075b96793dbf7ceb42b4e0?searchlink=search%2F%3Fq%3Ddevops%26countryCode%3DUS%26radius%3D30%26radiusUnit%3Dmi%26page%3D3%26pageSize%3D20%26filters.easyApply%3Dtrue%26filters.isRemote%3Dtrue%26language%3Den%26eid%3DS2Q_%2Cbw_1&searchId=07720242-c95a-4706-bc21-42434eaa7373
Remote :: Devops Automation engineer,https://www.dice.com/jobs/detail/20afb00ce41dbd43811ceac411fde418?searchlink=search%2F%3Fq%3Ddevops%26countryCode%3DUS%26radius%3D30%26radiusUnit%3Dmi%26page%3D3%26pageSize%3D20%26filters.easyApply%3Dtrue%26filters.isRemote%3Dtrue%26language%3Den%26eid%3DS2Q_%2Cbw_1&searchId=07720242-c95a-4706-bc21-42434eaa7373
JR1049524 Enterprise Monitoring Engineer (Devops),https://www.dice.com/jobs/detail/69875255f9c63eda680cb648da022ca0?searchlink=search%2F%3Fq%3Ddevops%26countryCode%3DUS%26radius%3D30%26radiusUnit%3Dmi%26page%3D3%26pageSize%3D20%26filters.easyApply%3Dtrue%26filters.isRemote%3Dtrue%26language%3Den%26eid%3DS2Q_%2Cbw_1&searchId=07720242-c95a-4706-bc21-42434eaa7373
Dev ops or system engineer Lead/Senior,https://www.dice.com/jobs/detail/21cbbb627d0a3414726f7fb124c8d8fb?searchlink=search%2F%3Fq%3Ddevops%26countryCode%3DUS%26radius%3D30%26radiusUnit%3Dmi%26page%3D3%26pageSize%3D20%26filters.easyApply%3Dtrue%26filters.isRemote%3Dtrue%26language%3Den%26eid%3DS2Q_%2Cbw_1&searchId=07720242-c95a-4706-bc21-42434eaa7373
Lead DevOps Engineer,https://www.dice.com/jobs/detail/8f34eb0a09971d8893de80006d1d3527?searchlink=search%2F%3Fq%3Ddevops%26countryCode%3DUS%26radius%3D30%26radiusUnit%3Dmi%26page%3D3%26pageSize%3D20%26filters.easyApply%3Dtrue%26filters.isRemote%3Dtrue%26language%3Den%26eid%3DS2Q_%2Cbw_1&searchId=07720242-c95a-4706-bc21-42434eaa7373
Infrastructure Project Manager - Devops,https://www.dice.com/jobs/detail/6df1642e2164b62a9a00af0f520e00b2?searchlink=search%2F%3Fq%3Ddevops%26countryCode%3DUS%26radius%3D30%26radiusUnit%3Dmi%26page%3D3%26pageSize%3D20%26filters.easyApply%3Dtrue%26filters.isRemote%3Dtrue%26language%3Den%26eid%3DS2Q_%2Cbw_1&searchId=07720242-c95a-4706-bc21-42434eaa7373
DevOps Engineer with Groovy and GitLab,https://www.dice.com/job-detail/5dd26c85-f4c9-4e84-bcf6-4449c5ff6ffe?searchlink=search%2F%3Fq%3Ddevops%26countryCode%3DUS%26radius%3D30%26radiusUnit%3Dmi%26page%3D3%26pageSize%3D20%26filters.easyApply%3Dtrue%26filters.isRemote%3Dtrue%26language%3Den%26eid%3DS2Q_%2Cbw_1&searchId=07720242-c95a-4706-bc21-42434eaa7373
Cloud Engineer (DevOps & Google Cloud Platform),https://www.dice.com/jobs/detail/f74098414e839445e2641173cd11b3f0?searchlink=search%2F%3Fq%3Ddevops%26countryCode%3DUS%26radius%3D30%26radiusUnit%3Dmi%26page%3D3%26pageSize%3D20%26filters.easyApply%3Dtrue%26filters.isRemote%3Dtrue%26language%3Den%26eid%3DS2Q_%2Cbw_1&searchId=07720242-c95a-4706-bc21-42434eaa7373
Devops Lead,https://www.dice.com/jobs/detail/2b217107dc54d3f65724c29651fa2632?searchlink=search%2F%3Fq%3Ddevops%26countryCode%3DUS%26radius%3D30%26radiusUnit%3Dmi%26page%3D3%26pageSize%3D20%26filters.easyApply%3Dtrue%26filters.isRemote%3Dtrue%26language%3Den%26eid%3DS2Q_%2Cbw_1&searchId=07720242-c95a-4706-bc21-42434eaa7373
Lead DevOps Engineer,https://www.dice.com/jobs/detail/e2ed22488cc4195612d97994e00bdec7?searchlink=search%2F%3Fq%3Ddevops%26countryCode%3DUS%26radius%3D30%26radiusUnit%3Dmi%26page%3D3%26pageSize%3D20%26filters.easyApply%3Dtrue%26filters.isRemote%3Dtrue%26language%3Den%26eid%3DS2Q_%2Cbw_1&searchId=07720242-c95a-4706-bc21-42434eaa7373
Sr DevOps Developer (Remote),https://www.dice.com/jobs/detail/febdbd0ce631056f2f99af03128ece06?searchlink=search%2F%3Fq%3Ddevops%26countryCode%3DUS%26radius%3D30%26radiusUnit%3Dmi%26page%3D3%26pageSize%3D20%26filters.easyApply%3Dtrue%26filters.isRemote%3Dtrue%26language%3Den%26eid%3DS2Q_%2Cbw_1&searchId=07720242-c95a-4706-bc21-42434eaa7373
Devops Engineer,https://www.dice.com/jobs/detail/58933ce98695f08c4d0619e32e8743e6?searchlink=search%2F%3Fq%3Ddevops%26countryCode%3DUS%26radius%3D30%26radiusUnit%3Dmi%26page%3D3%26pageSize%3D20%26filters.easyApply%3Dtrue%26filters.isRemote%3Dtrue%26language%3Den%26eid%3DS2Q_%2Cbw_1&searchId=07720242-c95a-4706-bc21-42434eaa7373
Lead Azure DevOps Engineer,https://www.dice.com/jobs/detail/b8732f8f6ec09d1de5c885cfc5048810?searchlink=search%2F%3Fq%3Ddevops%26countryCode%3DUS%26radius%3D30%26radiusUnit%3Dmi%26page%3D3%26pageSize%3D20%26filters.easyApply%3Dtrue%26filters.isRemote%3Dtrue%26language%3Den%26eid%3DS2Q_%2Cbw_1&searchId=07720242-c95a-4706-bc21-42434eaa7373
DevOps Engineer,https://www.dice.com/jobs/detail/d8ce4c87a8c1c6a05372481d1ae2a812?searchlink=search%2F%3Fq%3Ddevops%26countryCode%3DUS%26radius%3D30%26radiusUnit%3Dmi%26page%3D3%26pageSize%3D20%26filters.easyApply%3Dtrue%26filters.isRemote%3Dtrue%26language%3Den%26eid%3DS2Q_%2Cbw_1&searchId=07720242-c95a-4706-bc21-42434eaa7373
Salesforce DevOps Architect | Remote,https://www.dice.com/jobs/detail/714093ad6579b0ed8515f15e776df7d6?searchlink=search%2F%3Fq%3Ddevops%26countryCode%3DUS%26radius%3D30%26radiusUnit%3Dmi%26page%3D3%26pageSize%3D20%26filters.easyApply%3Dtrue%26filters.isRemote%3Dtrue%26language%3Den%26eid%3DS2Q_%2Cbw_1&searchId=07720242-c95a-4706-bc21-42434eaa7373
DevOps Engineer,https://www.dice.com/jobs/detail/d7b24aeb64c628b647d35ab42f9db05c?searchlink=search%2F%3Fq%3Ddevops%26countryCode%3DUS%26radius%3D30%26radiusUnit%3Dmi%26page%3D3%26pageSize%3D20%26filters.easyApply%3Dtrue%26filters.isRemote%3Dtrue%26language%3Den%26eid%3DS2Q_%2Cbw_1&searchId=07720242-c95a-4706-bc21-42434eaa7373
DevOps Engineer - 100% Remote (Only W2),https://www.dice.com/jobs/detail/d0cc5e51f06cb09f400ffa037a2f61e4?searchlink=search%2F%3Fq%3Ddevops%26countryCode%3DUS%26radius%3D30%26radiusUnit%3Dmi%26page%3D3%26pageSize%3D20%26filters.easyApply%3Dtrue%26filters.isRemote%3Dtrue%26language%3Den%26eid%3DS2Q_%2Cbw_1&searchId=07720242-c95a-4706-bc21-42434eaa7373
Role: Automation engineer with Devops,https://www.dice.com/jobs/detail/f25dee6a8c337947c18f5f084c9a47e3?searchlink=search%2F%3Fq%3Ddevops%26countryCode%3DUS%26radius%3D30%26radiusUnit%3Dmi%26page%3D3%26pageSize%3D20%26filters.easyApply%3Dtrue%26filters.isRemote%3Dtrue%26language%3Den%26eid%3DS2Q_%2Cbw_1&searchId=07720242-c95a-4706-bc21-42434eaa7373
Lead DevOps Engineer with strong AWS and TypeScript for video production startup (100% remote) - AV116,https://www.dice.com/jobs/detail/7411706f2a265fb89a49774496958dc8?searchlink=search%2F%3Fq%3Ddevops%26countryCode%3DUS%26radius%3D30%26radiusUnit%3Dmi%26page%3D3%26pageSize%3D20%26filters.easyApply%3Dtrue%26filters.isRemote%3Dtrue%26language%3Den%26eid%3DS2Q_%2Cbw_1&searchId=07720242-c95a-4706-bc21-42434eaa7373
IS&T, Director / Salesforce DevOps Engineer,https://www.dice.com/jobs/detail/3e65ed41d3bdc10ae1f694460a951c32?searchlink=search%2F%3Fq%3Ddevops%26countryCode%3DUS%26radius%3D30%26radiusUnit%3Dmi%26page%3D4%26pageSize%3D20%26filters.easyApply%3Dtrue%26filters.isRemote%3Dtrue%26language%3Den%26eid%3DS2Q_%2Cbw_1&searchId=87ef8527-7302-4f80-a8bc-c8b9a710ce8e
Job opening for Devops // Boston,MA // Fulltime,https://www.dice.com/jobs/detail/e099b6ebc4990b8bf39551cf8fd45db8?searchlink=search%2F%3Fq%3Ddevops%26countryCode%3DUS%26radius%3D30%26radiusUnit%3Dmi%26page%3D4%26pageSize%3D20%26filters.easyApply%3Dtrue%26filters.isRemote%3Dtrue%26language%3Den%26eid%3DS2Q_%2Cbw_1&searchId=87ef8527-7302-4f80-a8bc-c8b9a710ce8e
Devops Engineer,https://www.dice.com/jobs/detail/49761d66f5ded7863dca7ec06fa5a80a?searchlink=search%2F%3Fq%3Ddevops%26countryCode%3DUS%26radius%3D30%26radiusUnit%3Dmi%26page%3D4%26pageSize%3D20%26filters.easyApply%3Dtrue%26filters.isRemote%3Dtrue%26language%3Den%26eid%3DS2Q_%2Cbw_1&searchId=87ef8527-7302-4f80-a8bc-c8b9a710ce8e
Azure DevOps Engineer (Kishore replacement),https://www.dice.com/jobs/detail/e0ef858c65c4ea0e132d0428b4e4450c?searchlink=search%2F%3Fq%3Ddevops%26countryCode%3DUS%26radius%3D30%26radiusUnit%3Dmi%26page%3D4%26pageSize%3D20%26filters.easyApply%3Dtrue%26filters.isRemote%3Dtrue%26language%3Den%26eid%3DS2Q_%2Cbw_1&searchId=87ef8527-7302-4f80-a8bc-c8b9a710ce8e
DevOps Architect (CI/CD, Azure),https://www.dice.com/jobs/detail/9bdf142b1349432895a67bfac79de041?searchlink=search%2F%3Fq%3Ddevops%26countryCode%3DUS%26radius%3D30%26radiusUnit%3Dmi%26page%3D4%26pageSize%3D20%26filters.easyApply%3Dtrue%26filters.isRemote%3Dtrue%26language%3Den%26eid%3DS2Q_%2Cbw_1&searchId=87ef8527-7302-4f80-a8bc-c8b9a710ce8e
Senior SRE/DevOps Consultant (Datadog Exp),https://www.dice.com/jobs/detail/80815a05b8c7f9a763b5f4407017c71c?searchlink=search%2F%3Fq%3Ddevops%26countryCode%3DUS%26radius%3D30%26radiusUnit%3Dmi%26page%3D4%26pageSize%3D20%26filters.easyApply%3Dtrue%26filters.isRemote%3Dtrue%26language%3Den%26eid%3DS2Q_%2Cbw_1&searchId=87ef8527-7302-4f80-a8bc-c8b9a710ce8e
Sr. Enablement DevOps Coach,https://www.dice.com/jobs/detail/0b922cc9663ddb6606dbdda7e8564569?searchlink=search%2F%3Fq%3Ddevops%26countryCode%3DUS%26radius%3D30%26radiusUnit%3Dmi%26page%3D4%26pageSize%3D20%26filters.easyApply%3Dtrue%26filters.isRemote%3Dtrue%26language%3Den%26eid%3DS2Q_%2Cbw_1&searchId=87ef8527-7302-4f80-a8bc-c8b9a710ce8e
Sr. DevOps AWS Engineer - Remote,https://www.dice.com/jobs/detail/77eb61f44e2718c2cfd558c7ef7e1dab?searchlink=search%2F%3Fq%3Ddevops%26countryCode%3DUS%26radius%3D30%26radiusUnit%3Dmi%26page%3D4%26pageSize%3D20%26filters.easyApply%3Dtrue%26filters.isRemote%3Dtrue%26language%3Den%26eid%3DS2Q_%2Cbw_1&searchId=87ef8527-7302-4f80-a8bc-c8b9a710ce8e
DevOps Engineer (remote),https://www.dice.com/jobs/detail/c34862cfee65c513f8f9dd2274466f34?searchlink=search%2F%3Fq%3Ddevops%26countryCode%3DUS%26radius%3D30%26radiusUnit%3Dmi%26page%3D4%26pageSize%3D20%26filters.easyApply%3Dtrue%26filters.isRemote%3Dtrue%26language%3Den%26eid%3DS2Q_%2Cbw_1&searchId=87ef8527-7302-4f80-a8bc-c8b9a710ce8e
Azure DevOps Engineer,https://www.dice.com/jobs/detail/e8d0bcfb797d1d8cb1ef86cef2607877?searchlink=search%2F%3Fq%3Ddevops%26countryCode%3DUS%26radius%3D30%26radiusUnit%3Dmi%26page%3D4%26pageSize%3D20%26filters.easyApply%3Dtrue%26filters.isRemote%3Dtrue%26language%3Den%26eid%3DS2Q_%2Cbw_1&searchId=87ef8527-7302-4f80-a8bc-c8b9a710ce8e
Looking for _ Devops Lead w/dbt and airflow,https://www.dice.com/jobs/detail/faab9298cd40fdbaab716971bb30e14d?searchlink=search%2F%3Fq%3Ddevops%26countryCode%3DUS%26radius%3D30%26radiusUnit%3Dmi%26page%3D4%26pageSize%3D20%26filters.easyApply%3Dtrue%26filters.isRemote%3Dtrue%26language%3Den%26eid%3DS2Q_%2Cbw_1&searchId=87ef8527-7302-4f80-a8bc-c8b9a710ce8e
Remote DevOps Manager Urgently Seeking in New York,https://www.dice.com/jobs/detail/0442694675828dc5729ec73431178e6e?searchlink=search%2F%3Fq%3Ddevops%26countryCode%3DUS%26radius%3D30%26radiusUnit%3Dmi%26page%3D4%26pageSize%3D20%26filters.easyApply%3Dtrue%26filters.isRemote%3Dtrue%26language%3Den%26eid%3DS2Q_%2Cbw_1&searchId=87ef8527-7302-4f80-a8bc-c8b9a710ce8e
DevOps Engineer-Remote,https://www.dice.com/jobs/detail/7c1a85b8b7125405e13db9f4183aaf93?searchlink=search%2F%3Fq%3Ddevops%26countryCode%3DUS%26radius%3D30%26radiusUnit%3Dmi%26page%3D4%26pageSize%3D20%26filters.easyApply%3Dtrue%26filters.isRemote%3Dtrue%26language%3Den%26eid%3DS2Q_%2Cbw_1&searchId=87ef8527-7302-4f80-a8bc-c8b9a710ce8e
Pipeline Engineer - Azure Devops/ Sharepoint,https://www.dice.com/jobs/detail/2239c3917aebd18ef1ae4140ff93fb03?searchlink=search%2F%3Fq%3Ddevops%26countryCode%3DUS%26radius%3D30%26radiusUnit%3Dmi%26page%3D4%26pageSize%3D20%26filters.easyApply%3Dtrue%26filters.isRemote%3Dtrue%26language%3Den%26eid%3DS2Q_%2Cbw_1&searchId=87ef8527-7302-4f80-a8bc-c8b9a710ce8e
Devops engineer,https://www.dice.com/jobs/detail/eebc7db45bd70f0539094f93a5e21411?searchlink=search%2F%3Fq%3Ddevops%26countryCode%3DUS%26radius%3D30%26radiusUnit%3Dmi%26page%3D4%26pageSize%3D20%26filters.easyApply%3Dtrue%26filters.isRemote%3Dtrue%26language%3Den%26eid%3DS2Q_%2Cbw_1&searchId=87ef8527-7302-4f80-a8bc-c8b9a710ce8e
Azure DevOps Lead,https://www.dice.com/jobs/detail/8fc07dc914b266d0e4fc94ca739d7db7?searchlink=search%2F%3Fq%3Ddevops%26countryCode%3DUS%26radius%3D30%26radiusUnit%3Dmi%26page%3D4%26pageSize%3D20%26filters.easyApply%3Dtrue%26filters.isRemote%3Dtrue%26language%3Den%26eid%3DS2Q_%2Cbw_1&searchId=87ef8527-7302-4f80-a8bc-c8b9a710ce8e
Devops Automation engineer,https://www.dice.com/jobs/detail/cbf00c4b1521c57d26d132221c5b5161?searchlink=search%2F%3Fq%3Ddevops%26countryCode%3DUS%26radius%3D30%26radiusUnit%3Dmi%26page%3D4%26pageSize%3D20%26filters.easyApply%3Dtrue%26filters.isRemote%3Dtrue%26language%3Den%26eid%3DS2Q_%2Cbw_1&searchId=87ef8527-7302-4f80-a8bc-c8b9a710ce8e
DevOps Architect,https://www.dice.com/jobs/detail/3ac44a9270bdd74bda606d751d81d954?searchlink=search%2F%3Fq%3Ddevops%26countryCode%3DUS%26radius%3D30%26radiusUnit%3Dmi%26page%3D4%26pageSize%3D20%26filters.easyApply%3Dtrue%26filters.isRemote%3Dtrue%26language%3Den%26eid%3DS2Q_%2Cbw_1&searchId=87ef8527-7302-4f80-a8bc-c8b9a710ce8e
DevOps Architect with AWS Experience,https://www.dice.com/jobs/detail/16dd467e27cf3cba3c3b9746e5273675?searchlink=search%2F%3Fq%3Ddevops%26countryCode%3DUS%26radius%3D30%26radiusUnit%3Dmi%26page%3D4%26pageSize%3D20%26filters.easyApply%3Dtrue%26filters.isRemote%3Dtrue%26language%3Den%26eid%3DS2Q_%2Cbw_1&searchId=87ef8527-7302-4f80-a8bc-c8b9a710ce8e
Sr. Devops Engineer,https://www.dice.com/jobs/detail/b1d5a3661cabb34f62bacdd05431a4b9?searchlink=search%2F%3Fq%3Ddevops%26countryCode%3DUS%26radius%3D30%26radiusUnit%3Dmi%26page%3D4%26pageSize%3D20%26filters.easyApply%3Dtrue%26filters.isRemote%3Dtrue%26language%3Den%26eid%3DS2Q_%2Cbw_1&searchId=87ef8527-7302-4f80-a8bc-c8b9a710ce8e
